,id,item_group_id,mpn,title,description,image_link,link,gender,age_group,brand,availability,price,product_type,google_product_category
0,22872454,1,1,Alexander McQueen - floral-print flared minidress,floral-print flared minidress,https://cdn-images.farfetch-contents.com/22/87/24/54/22872454_53335897_480.jpg,https://www.farfetch.com/ca/shopping/women/alexander-mcqueen-floral-print-flared-minidress-item-22872454.aspx?storeid=10207,female,adult,Alexander McQueen,in_stock,1929.00 USD,Women Home &gt; Alexander McQueen &gt; Clothing &gt; Day Dresses,2271
1,23636533,1,1,KHAITE - The Wes silk midi dress,The Wes silk midi dress,https://cdn-images.farfetch-contents.com/23/63/65/33/23636533_53694680_480.jpg,https://www.farfetch.com/ca/shopping/women/khaite-the-wes-silk-midi-dress-item-23636533.aspx?storeid=10116,female,adult,KHAITE,in_stock,4365.00 USD,Women Home &gt; KHAITE &gt; Clothing &gt; Day Dresses,2271
2,22201793,1,1,Jil Sander - collarless belted shirt dress,collarless belted shirt dress,https://cdn-images.farfetch-contents.com/22/20/17/93/22201793_53115021_480.jpg,https://www.farfetch.com/ca/shopping/women/jil-sander-collarless-belted-shirt-dress-item-22201793.aspx?storeid=10116,female,adult,Jil Sander,in_stock,2040.00 USD,Women Home &gt; Jil Sander &gt; Clothing &gt; Day Dresses,2271
3,22284186,1,1,Missoni - zigzag knit long dress,zigzag knit long dress,https://cdn-images.farfetch-contents.com/22/28/41/86/22284186_53055544_480.jpg,https://www.farfetch.com/ca/shopping/women/missoni-zigzag-knit-long-dress-item-22284186.aspx?storeid=11083,female,adult,Missoni,in_stock,1935.00 USD,Women Home &gt; Missoni &gt; Clothing &gt; Day Dresses,2271
4,23025344,1,1,Christopher Esber - asymmetric long silk dress,asymmetric long silk dress,https://cdn-images.farfetch-contents.com/23/02/53/44/23025344_53642085_480.jpg,https://www.farfetch.com/ca/shopping/women/christopher-esber-asymmetric-long-silk-dress-item-23025344.aspx?storeid=12263,female,adult,Christopher Esber,in_stock,2448.00 USD,Women Home &gt; Christopher Esber &gt; Clothing &gt; Evening Dresses,2271
5,23721715,1,1,TOM FORD - fine-knit maxi dress,fine-knit maxi dress,https://cdn-images.farfetch-contents.com/23/72/17/15/23721715_53628641_480.jpg,https://www.farfetch.com/ca/shopping/women/tom-ford-fine-knit-maxi-dress-item-23721715.aspx?storeid=9462,female,adult,TOM FORD,in_stock,2326.00 USD,Women Home &gt; TOM FORD &gt; Clothing &gt; Day Dresses,2271
6,23622921,1,1,Saint Laurent - floral-print mesh maxi dress,floral-print mesh maxi dress,https://cdn-images.farfetch-contents.com/23/62/29/21/23622921_53647313_480.jpg,https://www.farfetch.com/ca/shopping/women/saint-laurent-floral-print-mesh-maxi-dress-item-23622921.aspx?storeid=16006,female,adult,Saint Laurent,in_stock,3845.00 USD,Women Home &gt; Saint Laurent &gt; Clothing &gt; Cocktail & Party Dresses,2271
7,22995041,1,1,Jacquemus - Cubista mini dress,Cubista mini dress,https://cdn-images.farfetch-contents.com/22/99/50/41/22995041_53156052_480.jpg,https://www.farfetch.com/ca/shopping/women/jacquemus-cubista-mini-dress-item-22995041.aspx?storeid=9921,female,adult,Jacquemus,in_stock,1020.00 USD,Women Home &gt; Jacquemus &gt; Clothing &gt; Cocktail & Party Dresses,2271
8,22125631,1,1,Cecilie Bahnsen - Vanda smocked midi dress,Vanda smocked midi dress,https://cdn-images.farfetch-contents.com/22/12/56/31/22125631_52212393_480.jpg,https://www.farfetch.com/ca/shopping/women/cecilie-bahnsen-vanda-smocked-midi-dress-item-22125631.aspx?storeid=12841,female,adult,Cecilie Bahnsen,in_stock,1295.00 USD,Women Home &gt; Cecilie Bahnsen &gt; Clothing &gt; Cocktail & Party Dresses,2271
9,22776358,1,1,ERDEM - floral-print off-shoulder dress,floral-print off-shoulder dress,https://cdn-images.farfetch-contents.com/22/77/63/58/22776358_53596783_480.jpg,https://www.farfetch.com/ca/shopping/women/erdem-floral-print-off-shoulder-dress-item-22776358.aspx?storeid=9158,female,adult,ERDEM,in_stock,5038.00 USD,Women Home &gt; ERDEM &gt; Clothing &gt; Cocktail & Party Dresses,2271
10,22692724,1,1,JW Anderson - chunky-knit peplum minidress,chunky-knit peplum minidress,https://cdn-images.farfetch-contents.com/22/69/27/24/22692724_53579140_480.jpg,https://www.farfetch.com/ca/shopping/women/jw-anderson-chunky-knit-peplum-minidress-item-22692724.aspx?storeid=13537,female,adult,JW Anderson,in_stock,1730.00 USD,Women Home &gt; JW Anderson &gt; Clothing &gt; Day Dresses,2271
11,22613280,1,1,Brunello Cucinelli - sequin-embellished knitted dress,sequin-embellished knitted dress,https://cdn-images.farfetch-contents.com/22/61/32/80/22613280_52840529_480.jpg,https://www.farfetch.com/ca/shopping/women/brunello-cucinelli-sequin-embellished-knitted-dress-item-22613280.aspx?storeid=12190,female,adult,Brunello Cucinelli,in_stock,11395.00 USD,Women Home &gt; Brunello Cucinelli &gt; Clothing &gt; Day Dresses,2271
12,22613148,1,1,Brunello Cucinelli - Monili chain-embellished belted dress,Monili chain-embellished belted dress,https://cdn-images.farfetch-contents.com/22/61/31/48/22613148_53266704_480.jpg,https://www.farfetch.com/ca/shopping/women/brunello-cucinelli-monili-chain-embellished-belted-dress-item-22613148.aspx?storeid=12190,female,adult,Brunello Cucinelli,in_stock,4795.00 USD,Women Home &gt; Brunello Cucinelli &gt; Clothing &gt; Day Dresses,2271
13,22697026,1,1,GANNI - Rose denim midi dress,Rose denim midi dress,https://cdn-images.farfetch-contents.com/22/69/70/26/22697026_52976477_480.jpg,https://www.farfetch.com/ca/shopping/women/ganni-rose-denim-midi-dress-item-22697026.aspx?storeid=9053,female,adult,GANNI,in_stock,602.00 USD,Women Home &gt; GANNI &gt; Clothing &gt; Day Dresses,2271
14,22459781,1,1,Proenza Schouler - Zoe midi dress,Zoe midi dress,https://cdn-images.farfetch-contents.com/22/45/97/81/22459781_52523707_480.jpg,https://www.farfetch.com/ca/shopping/women/proenza-schouler-zoe-midi-dress-item-22459781.aspx?storeid=12416,female,adult,Proenza Schouler,in_stock,2990.00 USD,Women Home &gt; Proenza Schouler &gt; Clothing &gt; Day Dresses,2271
15,22345932,1,1,Acne Studios - mock-neck maxi dress,mock-neck maxi dress,https://cdn-images.farfetch-contents.com/22/34/59/32/22345932_53542772_480.jpg,https://www.farfetch.com/ca/shopping/women/acne-studios-mock-neck-maxi-dress-item-22345932.aspx?storeid=11786,female,adult,Acne Studios,in_stock,1200.00 USD,Women Home &gt; Acne Studios &gt; Clothing &gt; Day Dresses,2271
16,22766173,1,1,Diesel - satin mini dress,satin mini dress,https://cdn-images.farfetch-contents.com/22/76/61/73/22766173_52825182_480.jpg,https://www.farfetch.com/ca/shopping/women/diesel-satin-mini-dress-item-22766173.aspx?storeid=13537,female,adult,Diesel,in_stock,610.00 USD,Women Home &gt; Diesel &gt; Clothing &gt; Cocktail & Party Dresses,2271
17,23620091,1,1,Balmain - polka dot-print mini dress,polka dot-print mini dress,https://cdn-images.farfetch-contents.com/23/62/00/91/23620091_53584901_480.jpg,https://www.farfetch.com/ca/shopping/women/balmain-polka-dot-print-mini-dress-item-23620091.aspx?storeid=9462,female,adult,Balmain,in_stock,4025.00 USD,Women Home &gt; Balmain &gt; Clothing &gt; Day Dresses,2271
18,22044376,1,1,TOM FORD - belt-detail maxi dress,belt-detail maxi dress,https://cdn-images.farfetch-contents.com/22/04/43/76/22044376_52843398_480.jpg,https://www.farfetch.com/ca/shopping/women/tom-ford-belt-detail-maxi-dress-item-22044376.aspx?storeid=9880,female,adult,TOM FORD,in_stock,7440.00 USD,Women Home &gt; TOM FORD &gt; Clothing &gt; Cocktail & Party Dresses,2271
19,22613237,1,1,Brunello Cucinelli - pinstriped cotton-blend midi dress,pinstriped cotton-blend midi dress,https://cdn-images.farfetch-contents.com/22/61/32/37/22613237_53010972_480.jpg,https://www.farfetch.com/ca/shopping/women/brunello-cucinelli-pinstriped-cotton-blend-midi-dress-item-22613237.aspx?storeid=9053,female,adult,Brunello Cucinelli,in_stock,5095.00 USD,Women Home &gt; Brunello Cucinelli &gt; Clothing &gt; Cocktail & Party Dresses,2271
20,23011697,1,1,PUCCI - Vivara-print silk maxidress,Vivara-print silk maxidress,https://cdn-images.farfetch-contents.com/23/01/16/97/23011697_53440777_480.jpg,https://www.farfetch.com/ca/shopping/women/pucci-vivara-print-silk-maxidress-item-23011697.aspx?storeid=13537,female,adult,PUCCI,in_stock,1835.00 USD,Women Home &gt; PUCCI &gt; Clothing &gt; Day Dresses,2271
21,23374208,1,1,Magda Butrym - strapless midi denim dress,strapless midi denim dress,https://cdn-images.farfetch-contents.com/23/37/42/08/23374208_53568372_480.jpg,https://www.farfetch.com/ca/shopping/women/magda-butrym-strapless-midi-denim-dress-item-23374208.aspx?storeid=10868,female,adult,Magda Butrym,in_stock,1555.00 USD,Women Home &gt; Magda Butrym &gt; Clothing &gt; Cocktail & Party Dresses,2271
22,23050682,1,1,Sportmax - Tonale maxi silk dress,Tonale maxi silk dress,https://cdn-images.farfetch-contents.com/23/05/06/82/23050682_53616792_480.jpg,https://www.farfetch.com/ca/shopping/women/sportmax-tonale-maxi-silk-dress-item-23050682.aspx?storeid=16031,female,adult,Sportmax,in_stock,920.00 USD,Women Home &gt; Sportmax &gt; Clothing &gt; Day Dresses,2271
23,23201522,1,1,Balmain - rose-print mini dress,rose-print mini dress,https://cdn-images.farfetch-contents.com/23/20/15/22/23201522_53396003_480.jpg,https://www.farfetch.com/ca/shopping/women/balmain-rose-print-mini-dress-item-23201522.aspx?storeid=9183,female,adult,Balmain,in_stock,4334.00 USD,Women Home &gt; Balmain &gt; Clothing &gt; Day Dresses,2271
24,22997880,1,1,Alexander McQueen - metallic-threading flared dress,metallic-threading flared dress,https://cdn-images.farfetch-contents.com/22/99/78/80/22997880_53325722_480.jpg,https://www.farfetch.com/ca/shopping/women/alexander-mcqueen-metallic-threading-flared-dress-item-22997880.aspx?storeid=16042,female,adult,Alexander McQueen,in_stock,2390.00 USD,Women Home &gt; Alexander McQueen &gt; Clothing &gt; Day Dresses,2271
25,22459800,1,1,Proenza Schouler - Faye dress,Faye dress,https://cdn-images.farfetch-contents.com/22/45/98/00/22459800_52525800_480.jpg,https://www.farfetch.com/ca/shopping/women/proenza-schouler-faye-dress-item-22459800.aspx?storeid=12416,female,adult,Proenza Schouler,in_stock,1560.00 USD,Women Home &gt; Proenza Schouler &gt; Clothing &gt; Cocktail & Party Dresses,2271
26,23078025,1,1,ISABEL MARANT - Poros crochet maxi dress,Poros crochet maxi dress,https://cdn-images.farfetch-contents.com/23/07/80/25/23078025_53689508_480.jpg,https://www.farfetch.com/ca/shopping/women/isabel-marant-poros-crochet-maxi-dress-item-23078025.aspx?storeid=9658,female,adult,ISABEL MARANT,in_stock,1343.00 USD,Women Home &gt; ISABEL MARANT &gt; Clothing &gt; Day Dresses,2271
27,21329447,1,1,Alaïa - ribbed flared minidress,ribbed flared minidress,https://cdn-images.farfetch-contents.com/21/32/94/47/21329447_53204819_480.jpg,https://www.farfetch.com/ca/shopping/women/alaia-ribbed-flared-minidress-item-21329447.aspx?storeid=16010,female,adult,Alaïa,in_stock,7130.00 USD,Women Home &gt; Alaïa &gt; Clothing &gt; Cocktail & Party Dresses,2271
28,22755805,1,1,Balmain - cut-out asymmetric gown,cut-out asymmetric gown,https://cdn-images.farfetch-contents.com/22/75/58/05/22755805_52756023_480.jpg,https://www.farfetch.com/ca/shopping/women/balmain-cut-out-asymmetric-gown-item-22755805.aspx?storeid=14221,female,adult,Balmain,in_stock,5090.00 USD,Women Home &gt; Balmain &gt; Clothing &gt; Evening Dresses,2271
29,23510623,1,1,Magda Butrym - rose-print draped mini dress,rose-print draped mini dress,https://cdn-images.farfetch-contents.com/23/51/06/23/23510623_53624244_480.jpg,https://www.farfetch.com/ca/shopping/women/magda-butrym-rose-print-draped-mini-dress-item-23510623.aspx?storeid=9921,female,adult,Magda Butrym,in_stock,3735.00 USD,Women Home &gt; Magda Butrym &gt; Clothing &gt; Day Dresses,2271
30,22983419,1,1,Saint Laurent - Saharienne muslin mini dress,Saharienne muslin mini dress,https://cdn-images.farfetch-contents.com/22/98/34/19/22983419_53225835_480.jpg,https://www.farfetch.com/ca/shopping/women/saint-laurent-saharienne-muslin-mini-dress-item-22983419.aspx?storeid=9140,female,adult,Saint Laurent,in_stock,6570.00 USD,Women Home &gt; Saint Laurent &gt; Clothing &gt; Day Dresses,2271
31,22524020,1,1,Valentino Garavani - embroidered cut-out minidress,embroidered cut-out minidress,https://cdn-images.farfetch-contents.com/22/52/40/20/22524020_53358422_480.jpg,https://www.farfetch.com/ca/shopping/women/valentino-garavani-embroidered-cut-out-minidress-item-22524020.aspx?storeid=12513,female,adult,Valentino Garavani,in_stock,8690.00 USD,Women Home &gt; Valentino Garavani &gt; Clothing &gt; Day Dresses,2271
32,20936269,1,1,Johanna Ortiz - River Classing maxi dress,River Classing maxi dress,https://cdn-images.farfetch-contents.com/20/93/62/69/20936269_52597507_480.jpg,https://www.farfetch.com/ca/shopping/women/johanna-ortiz-river-classing-maxi-dress-item-20936269.aspx?storeid=13537,female,adult,Johanna Ortiz,in_stock,1665.00 USD,Women Home &gt; Johanna Ortiz &gt; Clothing &gt; Cocktail & Party Dresses,2271
33,22564614,1,1,Jacquemus - La Robe T-shirt Bahia minidress,La Robe T-shirt Bahia minidress,https://cdn-images.farfetch-contents.com/22/56/46/14/22564614_52549151_480.jpg,https://www.farfetch.com/ca/shopping/women/jacquemus-la-robe-t-shirt-bahia-minidress-item-22564614.aspx?storeid=9446,female,adult,Jacquemus,in_stock,501.00 USD,Women Home &gt; Jacquemus &gt; Clothing &gt; Day Dresses,2271
34,22776356,1,1,ERDEM - patterned-jacquard midi dress,patterned-jacquard midi dress,https://cdn-images.farfetch-contents.com/22/77/63/56/22776356_53228773_480.jpg,https://www.farfetch.com/ca/shopping/women/erdem-patterned-jacquard-midi-dress-item-22776356.aspx?storeid=15217,female,adult,ERDEM,in_stock,5033.00 USD,Women Home &gt; ERDEM &gt; Clothing &gt; Cocktail & Party Dresses,2271
35,23344730,1,1,Alexander McQueen - metallic-threading dress,metallic-threading dress,https://cdn-images.farfetch-contents.com/23/34/47/30/23344730_53486926_480.jpg,https://www.farfetch.com/ca/shopping/women/alexander-mcqueen-metallic-threading-dress-item-23344730.aspx?storeid=10207,female,adult,Alexander McQueen,in_stock,4560.00 USD,Women Home &gt; Alexander McQueen &gt; Clothing &gt; Evening Dresses,2271
36,21887934,1,1,Jacquemus - La Robe Bari blazer minidress,La Robe Bari blazer minidress,https://cdn-images.farfetch-contents.com/21/88/79/34/21887934_52719117_480.jpg,https://www.farfetch.com/ca/shopping/women/jacquemus-la-robe-bari-blazer-minidress-item-21887934.aspx?storeid=9710,female,adult,Jacquemus,in_stock,1515.00 USD,Women Home &gt; Jacquemus &gt; Clothing &gt; Day Dresses,2271
37,22408449,1,1,Taller Marmo - Sifnos one-shoulder gown,Sifnos one-shoulder gown,https://cdn-images.farfetch-contents.com/22/40/84/49/22408449_53189975_480.jpg,https://www.farfetch.com/ca/shopping/women/taller-marmo-sifnos-one-shoulder-gown-item-22408449.aspx?storeid=13537,female,adult,Taller Marmo,in_stock,1635.00 USD,Women Home &gt; Taller Marmo &gt; Clothing &gt; Cocktail & Party Dresses,2271
38,23008745,1,1,Alexander McQueen - Shadow Rose-print silk dress,Shadow Rose-print silk dress,https://cdn-images.farfetch-contents.com/23/00/87/45/23008745_53147593_480.jpg,https://www.farfetch.com/ca/shopping/women/alexander-mcqueen-shadow-rose-print-silk-dress-item-23008745.aspx?storeid=10319,female,adult,Alexander McQueen,in_stock,4200.00 USD,Women Home &gt; Alexander McQueen &gt; Clothing &gt; Evening Dresses,2271
39,23518652,1,1,Saint Laurent - floral-print mini dress,floral-print mini dress,https://cdn-images.farfetch-contents.com/23/51/86/52/23518652_53474547_480.jpg,https://www.farfetch.com/ca/shopping/women/saint-laurent-floral-print-mini-dress-item-23518652.aspx?storeid=9628,female,adult,Saint Laurent,in_stock,6890.00 USD,Women Home &gt; Saint Laurent &gt; Clothing &gt; Day Dresses,2271
40,22613259,1,1,Brunello Cucinelli - sleeveless denim maxi dress,sleeveless denim maxi dress,https://cdn-images.farfetch-contents.com/22/61/32/59/22613259_53009483_480.jpg,https://www.farfetch.com/ca/shopping/women/brunello-cucinelli-sleeveless-denim-maxi-dress-item-22613259.aspx?storeid=9865,female,adult,Brunello Cucinelli,in_stock,2970.00 USD,Women Home &gt; Brunello Cucinelli &gt; Clothing &gt; Day Dresses,2271
41,22054520,1,1,Dolce & Gabbana - rose-print cotton midi dress,rose-print cotton midi dress,https://cdn-images.farfetch-contents.com/22/05/45/20/22054520_52693016_480.jpg,https://www.farfetch.com/ca/shopping/women/dolce-gabbana-rose-print-cotton-midi-dress-item-22054520.aspx?storeid=13098,female,adult,Dolce & Gabbana,in_stock,3095.00 USD,Women Home &gt; Dolce & Gabbana &gt; Clothing &gt; Day Dresses,2271
42,23311832,1,1,Prada - logo-triangle canvas minidress,logo-triangle canvas minidress,https://cdn-images.farfetch-contents.com/23/31/18/32/23311832_53387964_480.jpg,https://www.farfetch.com/ca/shopping/women/prada-logo-triangle-canvas-minidress-item-23311832.aspx?storeid=12139,female,adult,Prada,in_stock,3000.00 USD,Women Home &gt; Prada &gt; Clothing &gt; Day Dresses,2271
43,22522829,1,1,Valentino Garavani - Crepe Couture embroidered minidress,Crepe Couture embroidered minidress,https://cdn-images.farfetch-contents.com/22/52/28/29/22522829_52575591_480.jpg,https://www.farfetch.com/ca/shopping/women/valentino-garavani-crepe-couture-embroidered-minidress-item-22522829.aspx?storeid=9710,female,adult,Valentino Garavani,in_stock,6170.00 USD,Women Home &gt; Valentino Garavani &gt; Clothing &gt; Day Dresses,2271
44,22575101,1,1,Oscar de la Renta - floral-embroidered midi dress,floral-embroidered midi dress,https://cdn-images.farfetch-contents.com/22/57/51/01/22575101_52564424_480.jpg,https://www.farfetch.com/ca/shopping/women/oscar-de-la-renta-floral-embroidered-midi-dress-item-22575101.aspx?storeid=10351,female,adult,Oscar de la Renta,in_stock,13376.00 USD,Women Home &gt; Oscar de la Renta &gt; Clothing &gt; Cocktail & Party Dresses,2271
45,23091289,1,1,Aje - Elysium floral-print midi dress,Elysium floral-print midi dress,https://cdn-images.farfetch-contents.com/23/09/12/89/23091289_53593630_480.jpg,https://www.farfetch.com/ca/shopping/women/aje-elysium-floral-print-midi-dress-item-23091289.aspx?storeid=11564,female,adult,Aje,in_stock,920.00 USD,Women Home &gt; Aje &gt; Clothing &gt; Day Dresses,2271
46,22589857,1,1,David Koma - mirror-detail denim dress,mirror-detail denim dress,https://cdn-images.farfetch-contents.com/22/58/98/57/22589857_52796159_480.jpg,https://www.farfetch.com/ca/shopping/women/david-koma-mirror-detail-denim-dress-item-22589857.aspx?storeid=9401,female,adult,David Koma,in_stock,1352.00 USD,Women Home &gt; David Koma &gt; Clothing &gt; Day Dresses,2271
47,22448706,1,1,KHAITE - Guisa ruched fringed dress,Guisa ruched fringed dress,https://cdn-images.farfetch-contents.com/22/44/87/06/22448706_53581859_480.jpg,https://www.farfetch.com/ca/shopping/women/khaite-guisa-ruched-fringed-dress-item-22448706.aspx?storeid=11192,female,adult,KHAITE,in_stock,6080.00 USD,Women Home &gt; KHAITE &gt; Clothing &gt; Cocktail & Party Dresses,2271
48,22153893,1,1,Versace - Medusa '95 draped gown,Medusa '95 draped gown,https://cdn-images.farfetch-contents.com/22/15/38/93/22153893_52382629_480.jpg,https://www.farfetch.com/ca/shopping/women/versace-medusa-95-draped-gown-item-22153893.aspx?storeid=9111,female,adult,Versace,in_stock,5300.00 USD,Women Home &gt; Versace &gt; Clothing &gt; Evening Dresses,2271
49,23390148,1,1,Ulla Johnson - Natalia lyocell maxi dress,Natalia lyocell maxi dress,https://cdn-images.farfetch-contents.com/23/39/01/48/23390148_53500483_480.jpg,https://www.farfetch.com/ca/shopping/women/ulla-johnson-natalia-lyocell-maxi-dress-item-23390148.aspx?storeid=9897,female,adult,Ulla Johnson,in_stock,1022.00 USD,Women Home &gt; Ulla Johnson &gt; Clothing &gt; Day Dresses,2271
50,22524025,1,1,Valentino Garavani - Couture gathered midi dress,Couture gathered midi dress,https://cdn-images.farfetch-contents.com/22/52/40/25/22524025_52575204_480.jpg,https://www.farfetch.com/ca/shopping/women/valentino-garavani-couture-gathered-midi-dress-item-22524025.aspx?storeid=12513,female,adult,Valentino Garavani,in_stock,7810.00 USD,Women Home &gt; Valentino Garavani &gt; Clothing &gt; Day Dresses,2271
51,23689344,1,1,PUCCI - Cigni-print asymmetric dress,Cigni-print asymmetric dress,https://cdn-images.farfetch-contents.com/23/68/93/44/23689344_53662540_480.jpg,https://www.farfetch.com/ca/shopping/women/pucci-cigni-print-asymmetric-dress-item-23689344.aspx?storeid=9837,female,adult,PUCCI,in_stock,2003.00 USD,Women Home &gt; PUCCI &gt; Clothing &gt; Day Dresses,2271
52,23134061,1,1,Marine Serre - Deadstock denim mini dress,Deadstock denim mini dress,https://cdn-images.farfetch-contents.com/23/13/40/61/23134061_53295650_480.jpg,https://www.farfetch.com/ca/shopping/women/marine-serre-deadstock-denim-mini-dress-item-23134061.aspx?storeid=9672,female,adult,Marine Serre,in_stock,692.00 USD,Women Home &gt; Marine Serre &gt; Clothing &gt; Day Dresses,2271
53,22370677,1,1,Simone Rocha - Shoulder Bite Sack tulle dress,Shoulder Bite Sack tulle dress,https://cdn-images.farfetch-contents.com/22/37/06/77/22370677_53286486_480.jpg,https://www.farfetch.com/ca/shopping/women/simone-rocha-shoulder-bite-sack-tulle-dress-item-22370677.aspx?storeid=10853,female,adult,Simone Rocha,in_stock,2423.00 USD,Women Home &gt; Simone Rocha &gt; Clothing &gt; Cocktail & Party Dresses,2271
54,23697158,1,1,Proenza Schouler - Naomi crochet-stripe-knit maxi dress,Naomi crochet-stripe-knit maxi dress,https://cdn-images.farfetch-contents.com/23/69/71/58/23697158_53646123_480.jpg,https://www.farfetch.com/ca/shopping/women/proenza-schouler-naomi-crochet-stripe-knit-maxi-dress-item-23697158.aspx?storeid=10621,female,adult,Proenza Schouler,in_stock,2989.00 USD,Women Home &gt; Proenza Schouler &gt; Clothing &gt; Evening Dresses,2271
55,22980710,1,1,ISABEL MARANT - Kapri sleeveless dress,Kapri sleeveless dress,https://cdn-images.farfetch-contents.com/22/98/07/10/22980710_53136194_480.jpg,https://www.farfetch.com/ca/shopping/women/isabel-marant-kapri-sleeveless-dress-item-22980710.aspx?storeid=9446,female,adult,ISABEL MARANT,in_stock,2065.00 USD,Women Home &gt; ISABEL MARANT &gt; Clothing &gt; Evening Dresses,2271
56,22829851,1,1,Prada - embroidered georgette dress,embroidered georgette dress,https://cdn-images.farfetch-contents.com/22/82/98/51/22829851_52878463_480.jpg,https://www.farfetch.com/ca/shopping/women/prada-embroidered-georgette-dress-item-22829851.aspx?storeid=12139,female,adult,Prada,in_stock,19800.00 USD,Women Home &gt; Prada &gt; Clothing &gt; Day Dresses,2271
57,22615282,1,1,La DoubleJ - Buy Me A Martini floral-print dress,Buy Me A Martini floral-print dress,https://cdn-images.farfetch-contents.com/22/61/52/82/22615282_52661380_480.jpg,https://www.farfetch.com/ca/shopping/women/la-doublej-buy-me-a-martini-floral-print-dress-item-22615282.aspx?storeid=10929,female,adult,La DoubleJ,in_stock,1450.00 USD,Women Home &gt; La DoubleJ &gt; Clothing &gt; Day Dresses,2271
58,23243836,1,1,Saint Laurent - strapless wool-blend minidress,strapless wool-blend minidress,https://cdn-images.farfetch-contents.com/23/24/38/36/23243836_53381775_480.jpg,https://www.farfetch.com/ca/shopping/women/saint-laurent-strapless-wool-blend-minidress-item-23243836.aspx?storeid=9589,female,adult,Saint Laurent,in_stock,4060.00 USD,Women Home &gt; Saint Laurent &gt; Clothing &gt; Cocktail & Party Dresses,2271
59,22966996,1,1,Alexander McQueen - Shadow Rose-print satin dress,Shadow Rose-print satin dress,https://cdn-images.farfetch-contents.com/22/96/69/96/22966996_53146083_480.jpg,https://www.farfetch.com/ca/shopping/women/alexander-mcqueen-shadow-rose-print-satin-dress-item-22966996.aspx?storeid=10207,female,adult,Alexander McQueen,in_stock,3297.00 USD,Women Home &gt; Alexander McQueen &gt; Clothing &gt; Evening Dresses,2271
60,23492914,1,1,KHAITE - The Zelma midi dress,The Zelma midi dress,https://cdn-images.farfetch-contents.com/23/49/29/14/23492914_53529165_480.jpg,https://www.farfetch.com/ca/shopping/women/khaite-the-zelma-midi-dress-item-23492914.aspx?storeid=9628,female,adult,KHAITE,in_stock,3760.00 USD,Women Home &gt; KHAITE &gt; Clothing &gt; Day Dresses,2271
61,20851290,1,1,Oséree - Twist sheer maxi dress,Twist sheer maxi dress,https://cdn-images.farfetch-contents.com/20/85/12/90/20851290_52155117_480.jpg,https://www.farfetch.com/ca/shopping/women/oseree-twist-sheer-maxi-dress-item-20851290.aspx?storeid=13537,female,adult,Oséree,in_stock,370.00 USD,Women Home &gt; Oséree &gt; Clothing &gt; Evening Dresses,2271
62,22555420,1,1,Valentino Garavani - feather-embellished patterned midi dress,feather-embellished patterned midi dress,https://cdn-images.farfetch-contents.com/22/55/54/20/22555420_52806151_480.jpg,https://www.farfetch.com/ca/shopping/women/valentino-garavani-feather-embellished-patterned-midi-dress-item-22555420.aspx?storeid=12420,female,adult,Valentino Garavani,in_stock,6500.00 USD,Women Home &gt; Valentino Garavani &gt; Clothing &gt; Day Dresses,2271
63,22534634,1,1,Missoni - sequin-embellished ribbed-knit minidress,sequin-embellished ribbed-knit minidress,https://cdn-images.farfetch-contents.com/22/53/46/34/22534634_52516142_480.jpg,https://www.farfetch.com/ca/shopping/women/missoni-sequin-embellished-ribbed-knit-minidress-item-22534634.aspx?storeid=9053,female,adult,Missoni,in_stock,1932.00 USD,Women Home &gt; Missoni &gt; Clothing &gt; Cocktail & Party Dresses,2271
64,22801771,1,1,Magda Butrym - floral-applique draped minidress,floral-applique draped minidress,https://cdn-images.farfetch-contents.com/22/80/17/71/22801771_53258082_480.jpg,https://www.farfetch.com/ca/shopping/women/magda-butrym-floral-applique-draped-minidress-item-22801771.aspx?storeid=9902,female,adult,Magda Butrym,in_stock,2710.00 USD,Women Home &gt; Magda Butrym &gt; Clothing &gt; Cocktail & Party Dresses,2271
65,22586312,1,1,Ferragamo - gathered jersey dress,gathered jersey dress,https://cdn-images.farfetch-contents.com/22/58/63/12/22586312_52902221_480.jpg,https://www.farfetch.com/ca/shopping/women/ferragamo-gathered-jersey-dress-item-22586312.aspx?storeid=10207,female,adult,Ferragamo,in_stock,2420.00 USD,Women Home &gt; Ferragamo &gt; Clothing &gt; Day Dresses,2271
66,22971337,1,1,Alexander McQueen - sweetheart-neck midi dress,sweetheart-neck midi dress,https://cdn-images.farfetch-contents.com/22/97/13/37/22971337_53033031_480.jpg,https://www.farfetch.com/ca/shopping/women/alexander-mcqueen-sweetheart-neck-midi-dress-item-22971337.aspx?storeid=9274,female,adult,Alexander McQueen,in_stock,3013.00 USD,Women Home &gt; Alexander McQueen &gt; Clothing &gt; Cocktail & Party Dresses,2271
67,23712507,1,1,DRIES VAN NOTEN - mix-print halterneck dress,mix-print halterneck dress,https://cdn-images.farfetch-contents.com/23/71/25/07/23712507_53573909_480.jpg,https://www.farfetch.com/ca/shopping/women/dries-van-noten-mix-print-halterneck-dress-item-23712507.aspx?storeid=15268,female,adult,DRIES VAN NOTEN,in_stock,2650.00 USD,Women Home &gt; DRIES VAN NOTEN &gt; Clothing &gt; Day Dresses,2271
68,21722167,1,1,KHAITE - ruffle-trim silk maxi dress,ruffle-trim silk maxi dress,https://cdn-images.farfetch-contents.com/21/72/21/67/21722167_52288062_480.jpg,https://www.farfetch.com/ca/shopping/women/khaite-ruffle-trim-silk-maxi-dress-item-21722167.aspx?storeid=13537,female,adult,KHAITE,in_stock,3015.00 USD,Women Home &gt; KHAITE &gt; Clothing &gt; Cocktail & Party Dresses,2271
69,22972481,1,1,Saint Laurent - floral-print tulle minidress,floral-print tulle minidress,https://cdn-images.farfetch-contents.com/22/97/24/81/22972481_53364099_480.jpg,https://www.farfetch.com/ca/shopping/women/saint-laurent-floral-print-tulle-minidress-item-22972481.aspx?storeid=9628,female,adult,Saint Laurent,in_stock,6570.00 USD,Women Home &gt; Saint Laurent &gt; Clothing &gt; Cocktail & Party Dresses,2271
70,22522771,1,1,Saint Laurent - one-shoulder silk maxi dress,one-shoulder silk maxi dress,https://cdn-images.farfetch-contents.com/22/52/27/71/22522771_52422206_480.jpg,https://www.farfetch.com/ca/shopping/women/saint-laurent-one-shoulder-silk-maxi-dress-item-22522771.aspx?storeid=15991,female,adult,Saint Laurent,in_stock,3855.00 USD,Women Home &gt; Saint Laurent &gt; Clothing &gt; Cocktail & Party Dresses,2271
71,20937255,1,1,Johanna Ortiz - Wrapped In Color midi dress,Wrapped In Color midi dress,https://cdn-images.farfetch-contents.com/20/93/72/55/20937255_52595641_480.jpg,https://www.farfetch.com/ca/shopping/women/johanna-ortiz-wrapped-in-color-midi-dress-item-20937255.aspx?storeid=13537,female,adult,Johanna Ortiz,in_stock,1500.00 USD,Women Home &gt; Johanna Ortiz &gt; Clothing &gt; Day Dresses,2271
72,23148569,1,1,ZIMMERMANN - Harmony ruffled mini dress,Harmony ruffled mini dress,https://cdn-images.farfetch-contents.com/23/14/85/69/23148569_53305151_480.jpg,https://www.farfetch.com/ca/shopping/women/zimmermann-harmony-ruffled-mini-dress-item-23148569.aspx?storeid=13537,female,adult,ZIMMERMANN,in_stock,1495.00 USD,Women Home &gt; ZIMMERMANN &gt; Clothing &gt; Cocktail & Party Dresses,2271
73,22707684,1,1,Versace - bead-embellished minidress,bead-embellished minidress,https://cdn-images.farfetch-contents.com/22/70/76/84/22707684_53210041_480.jpg,https://www.farfetch.com/ca/shopping/women/versace-bead-embellished-minidress-item-22707684.aspx?storeid=13537,female,adult,Versace,in_stock,3340.00 USD,Women Home &gt; Versace &gt; Clothing &gt; Cocktail & Party Dresses,2271
74,22586206,1,1,Ferragamo - collar-detailed maxi dress,collar-detailed maxi dress,https://cdn-images.farfetch-contents.com/22/58/62/06/22586206_52902857_480.jpg,https://www.farfetch.com/ca/shopping/women/ferragamo-collar-detailed-maxi-dress-item-22586206.aspx?storeid=9442,female,adult,Ferragamo,in_stock,3530.00 USD,Women Home &gt; Ferragamo &gt; Clothing &gt; Cocktail & Party Dresses,2271
75,22857945,1,1,Blumarine - georgette mini dress,georgette mini dress,https://cdn-images.farfetch-contents.com/22/85/79/45/22857945_52921087_480.jpg,https://www.farfetch.com/ca/shopping/women/blumarine-georgette-mini-dress-item-22857945.aspx?storeid=9462,female,adult,Blumarine,in_stock,1501.00 USD,Women Home &gt; Blumarine &gt; Clothing &gt; Day Dresses,2271
76,23556987,1,1,PUCCI - geometric silk maxi dress,geometric silk maxi dress,https://cdn-images.farfetch-contents.com/23/55/69/87/23556987_53568806_480.jpg,https://www.farfetch.com/ca/shopping/women/pucci-geometric-silk-maxi-dress-item-23556987.aspx?storeid=9564,female,adult,PUCCI,in_stock,3719.00 USD,Women Home &gt; PUCCI &gt; Clothing &gt; Cocktail & Party Dresses,2271
77,22774520,1,1,Jacquemus - Sierra ribbed midi dress,Sierra ribbed midi dress,https://cdn-images.farfetch-contents.com/22/77/45/20/22774520_52820572_480.jpg,https://www.farfetch.com/ca/shopping/women/jacquemus-sierra-ribbed-midi-dress-item-22774520.aspx?storeid=9658,female,adult,Jacquemus,in_stock,994.00 USD,Women Home &gt; Jacquemus &gt; Clothing &gt; Cocktail & Party Dresses,2271
78,22448664,1,1,KHAITE - The Wes midi dress,The Wes midi dress,https://cdn-images.farfetch-contents.com/22/44/86/64/22448664_52823114_480.jpg,https://www.farfetch.com/ca/shopping/women/khaite-the-wes-midi-dress-item-22448664.aspx?storeid=9628,female,adult,KHAITE,in_stock,3760.00 USD,Women Home &gt; KHAITE &gt; Clothing &gt; Day Dresses,2271
79,22153843,1,1,ETRO - floral-print maxi cotton shirtdress,floral-print maxi cotton shirtdress,https://cdn-images.farfetch-contents.com/22/15/38/43/22153843_51913133_480.jpg,https://www.farfetch.com/ca/shopping/women/etro-floral-print-maxi-cotton-shirtdress-item-22153843.aspx?storeid=9206,female,adult,ETRO,in_stock,2180.00 USD,Women Home &gt; ETRO &gt; Clothing &gt; Day Dresses,2271
80,23441959,1,1,Missoni - draped-detail checked maxi dress,draped-detail checked maxi dress,https://cdn-images.farfetch-contents.com/23/44/19/59/23441959_53590976_480.jpg,https://www.farfetch.com/ca/shopping/women/missoni-draped-detail-checked-maxi-dress-item-23441959.aspx?storeid=10167,female,adult,Missoni,in_stock,1370.00 USD,Women Home &gt; Missoni &gt; Clothing &gt; Cocktail & Party Dresses,2271
81,22522737,1,1,Saint Laurent - floral-print ruched minidress,floral-print ruched minidress,https://cdn-images.farfetch-contents.com/22/52/27/37/22522737_53779579_480.jpg,https://www.farfetch.com/ca/shopping/women/saint-laurent-floral-print-ruched-minidress-item-22522737.aspx?storeid=16323,female,adult,Saint Laurent,in_stock,6570.00 USD,Women Home &gt; Saint Laurent &gt; Clothing &gt; Cocktail & Party Dresses,2271
82,23017873,1,1,TOM FORD - V-neck lurex-detail gown,V-neck lurex-detail gown,https://cdn-images.farfetch-contents.com/23/01/78/73/23017873_53452427_480.jpg,https://www.farfetch.com/ca/shopping/women/tom-ford-v-neck-lurex-detail-gown-item-23017873.aspx?storeid=12302,female,adult,TOM FORD,in_stock,4060.00 USD,Women Home &gt; TOM FORD &gt; Clothing &gt; Evening Dresses,2271
83,23051807,1,1,TOTEME - braided-trim cable-knit dress,braided-trim cable-knit dress,https://cdn-images.farfetch-contents.com/23/05/18/07/23051807_53337319_480.jpg,https://www.farfetch.com/ca/shopping/women/toteme-braided-trim-cable-knit-dress-item-23051807.aspx?storeid=9921,female,adult,TOTEME,in_stock,818.00 USD,Women Home &gt; TOTEME &gt; Clothing &gt; Day Dresses,2271
84,21031208,1,1,Gucci - GG Supreme sleeveless minidress,GG Supreme sleeveless minidress,https://cdn-images.farfetch-contents.com/21/03/12/08/21031208_53135088_480.jpg,https://www.farfetch.com/ca/shopping/women/gucci-gg-supreme-sleeveless-minidress-item-21031208.aspx?storeid=16191,female,adult,Gucci,in_stock,4190.00 USD,Women Home &gt; Gucci &gt; Clothing &gt; Day Dresses,2271
85,22916542,1,1,Rosie Assoulin - Jolly 'Oliday abstract-print shirtdress,Jolly 'Oliday abstract-print shirtdress,https://cdn-images.farfetch-contents.com/22/91/65/42/22916542_53432683_480.jpg,https://www.farfetch.com/ca/shopping/women/rosie-assoulin-jolly-oliday-abstract-print-shirtdress-item-22916542.aspx?storeid=9531,female,adult,Rosie Assoulin,in_stock,3820.00 USD,Women Home &gt; Rosie Assoulin &gt; Clothing &gt; Day Dresses,2271
86,22575511,1,1,Victoria Beckham - sleeveless lurex midi dress,sleeveless lurex midi dress,https://cdn-images.farfetch-contents.com/22/57/55/11/22575511_52576541_480.jpg,https://www.farfetch.com/ca/shopping/women/victoria-beckham-sleeveless-lurex-midi-dress-item-22575511.aspx?storeid=11942,female,adult,Victoria Beckham,in_stock,769.00 USD,Women Home &gt; Victoria Beckham &gt; Clothing &gt; Day Dresses,2271
87,23390135,1,1,Balenciaga - sequinned long dress,sequinned long dress,https://cdn-images.farfetch-contents.com/23/39/01/35/23390135_53482493_480.jpg,https://www.farfetch.com/ca/shopping/women/balenciaga-sequinned-long-dress-item-23390135.aspx?storeid=9462,female,adult,Balenciaga,in_stock,5387.00 USD,Women Home &gt; Balenciaga &gt; Clothing &gt; Evening Dresses,2271
88,23146769,1,1,ZIMMERMANN - Harmony floral-appliqué dress,Harmony floral-appliqué dress,https://cdn-images.farfetch-contents.com/23/14/67/69/23146769_53314062_480.jpg,https://www.farfetch.com/ca/shopping/women/zimmermann-harmony-floral-applique-dress-item-23146769.aspx?storeid=13537,female,adult,ZIMMERMANN,in_stock,1345.00 USD,Women Home &gt; ZIMMERMANN &gt; Clothing &gt; Day Dresses,2271
89,21679992,1,1,Acne Studios - Trompe l'oeil-print cotton mini dress,Trompe l'oeil-print cotton mini dress,https://cdn-images.farfetch-contents.com/21/67/99/92/21679992_53150777_480.jpg,https://www.farfetch.com/ca/shopping/women/acne-studios-trompe-loeil-print-cotton-mini-dress-item-21679992.aspx?storeid=11786,female,adult,Acne Studios,in_stock,1050.00 USD,Women Home &gt; Acne Studios &gt; Clothing &gt; Day Dresses,2271
90,22782534,1,1,Alessandra Rich - Rose-print silk gown,Rose-print silk gown,https://cdn-images.farfetch-contents.com/22/78/25/34/22782534_53579834_480.jpg,https://www.farfetch.com/ca/shopping/women/alessandra-rich-rose-print-silk-gown-item-22782534.aspx?storeid=9921,female,adult,Alessandra Rich,in_stock,4984.00 USD,Women Home &gt; Alessandra Rich &gt; Clothing &gt; Evening Dresses,2271
91,23126306,1,1,Prada - abstract-print layered minidress,abstract-print layered minidress,https://cdn-images.farfetch-contents.com/23/12/63/06/23126306_53203788_480.jpg,https://www.farfetch.com/ca/shopping/women/prada-abstract-print-layered-minidress-item-23126306.aspx?storeid=12139,female,adult,Prada,in_stock,3950.00 USD,Women Home &gt; Prada &gt; Clothing &gt; Day Dresses,2271
92,22613283,1,1,Brunello Cucinelli - cable-knit cotton dress,cable-knit cotton dress,https://cdn-images.farfetch-contents.com/22/61/32/83/22613283_53616137_480.jpg,https://www.farfetch.com/ca/shopping/women/brunello-cucinelli-cable-knit-cotton-dress-item-22613283.aspx?storeid=10012,female,adult,Brunello Cucinelli,in_stock,4650.00 USD,Women Home &gt; Brunello Cucinelli &gt; Clothing &gt; Day Dresses,2271
93,21289342,1,1,JW Anderson - V-neck asymmetric maxi dress,V-neck asymmetric maxi dress,https://cdn-images.farfetch-contents.com/21/28/93/42/21289342_52140207_480.jpg,https://www.farfetch.com/ca/shopping/women/jw-anderson-v-neck-asymmetric-maxi-dress-item-21289342.aspx?storeid=9140,female,adult,JW Anderson,in_stock,1976.00 USD,Women Home &gt; JW Anderson &gt; Clothing &gt; Cocktail & Party Dresses,2271
94,22949013,1,1,FENDI - FF-jacquard snake maxi dress,FF-jacquard snake maxi dress,https://cdn-images.farfetch-contents.com/22/94/90/13/22949013_53083298_480.jpg,https://www.farfetch.com/ca/shopping/women/fendi-ff-jacquard-snake-maxi-dress-item-22949013.aspx?storeid=16010,female,adult,FENDI,in_stock,4080.00 USD,Women Home &gt; FENDI &gt; Clothing &gt; Day Dresses,2271
95,23026401,1,1,Alexander McQueen - Damask intarsia-knit midi dress,Damask intarsia-knit midi dress,https://cdn-images.farfetch-contents.com/23/02/64/01/23026401_53175782_480.jpg,https://www.farfetch.com/ca/shopping/women/alexander-mcqueen-damask-intarsia-knit-midi-dress-item-23026401.aspx?storeid=16043,female,adult,Alexander McQueen,in_stock,3350.00 USD,Women Home &gt; Alexander McQueen &gt; Clothing &gt; Day Dresses,2271
96,22994276,1,1,Jacquemus - La Robe Banista maxi dress,La Robe Banista maxi dress,https://cdn-images.farfetch-contents.com/22/99/42/76/22994276_53155277_480.jpg,https://www.farfetch.com/ca/shopping/women/jacquemus-la-robe-banista-maxi-dress-item-22994276.aspx,female,adult,Jacquemus,in_stock,1890.00 USD,Women Home &gt; Jacquemus &gt; Clothing &gt; Cocktail & Party Dresses,2271
97,23635931,1,1,Stella McCartney - polka dot-print silk minidress,polka dot-print silk minidress,https://cdn-images.farfetch-contents.com/23/63/59/31/23635931_53612823_480.jpg,https://www.farfetch.com/ca/shopping/women/stella-mccartney-polka-dot-print-silk-minidress-item-23635931.aspx,female,adult,Stella McCartney,in_stock,2980.00 USD,Women Home &gt; Stella McCartney &gt; Clothing &gt; Cocktail & Party Dresses,2271
98,22524013,1,1,Valentino Garavani - floral-embroidered cut-out shirtdress,floral-embroidered cut-out shirtdress,https://cdn-images.farfetch-contents.com/22/52/40/13/22524013_52937016_480.jpg,https://www.farfetch.com/ca/shopping/women/valentino-garavani-floral-embroidered-cut-out-shirtdress-item-22524013.aspx,female,adult,Valentino Garavani,in_stock,6170.00 USD,Women Home &gt; Valentino Garavani &gt; Clothing &gt; Day Dresses,2271
99,22872522,1,1,Magda Butrym - crochet-detailed cotton maxi dress,crochet-detailed cotton maxi dress,https://cdn-images.farfetch-contents.com/22/87/25/22/22872522_53090015_480.jpg,https://www.farfetch.com/ca/shopping/women/magda-butrym-crochet-detailed-cotton-maxi-dress-item-22872522.aspx,female,adult,Magda Butrym,in_stock,1697.00 USD,Women Home &gt; Magda Butrym &gt; Clothing &gt; Day Dresses,2271
100,22755833,1,1,Balmain - long-sleeved sequinned minidress,long-sleeved sequinned minidress,https://cdn-images.farfetch-contents.com/22/75/58/33/22755833_52756201_480.jpg,https://www.farfetch.com/ca/shopping/women/balmain-long-sleeved-sequinned-minidress-item-22755833.aspx,female,adult,Balmain,in_stock,8100.00 USD,Women Home &gt; Balmain &gt; Clothing &gt; Cocktail & Party Dresses,2271
101,23035367,1,1,Alaïa - poplin midi dress,poplin midi dress,https://cdn-images.farfetch-contents.com/23/03/53/67/23035367_53193401_480.jpg,https://www.farfetch.com/ca/shopping/women/alaia-poplin-midi-dress-item-23035367.aspx,female,adult,Alaïa,in_stock,3150.00 USD,Women Home &gt; Alaïa &gt; Clothing &gt; Day Dresses,2271
102,22780997,1,1,Alessandra Rich - polka-dot silk minidress,polka-dot silk minidress,https://cdn-images.farfetch-contents.com/22/78/09/97/22780997_53629030_480.jpg,https://www.farfetch.com/ca/shopping/women/alessandra-rich-polka-dot-silk-minidress-item-22780997.aspx,female,adult,Alessandra Rich,in_stock,2570.00 USD,Women Home &gt; Alessandra Rich &gt; Clothing &gt; Day Dresses,2271
103,22613285,1,1,Brunello Cucinelli - sequinned silk maxi dress,sequinned silk maxi dress,https://cdn-images.farfetch-contents.com/22/61/32/85/22613285_48169704_480.jpg,https://www.farfetch.com/ca/shopping/women/brunello-cucinelli-sequinned-silk-maxi-dress-item-22613285.aspx,female,adult,Brunello Cucinelli,in_stock,12995.00 USD,Women Home &gt; Brunello Cucinelli &gt; Clothing &gt; Evening Dresses,2271
104,22888739,1,1,ETRO - patterned-jacquard cotton gown,patterned-jacquard cotton gown,https://cdn-images.farfetch-contents.com/22/88/87/39/22888739_52935041_480.jpg,https://www.farfetch.com/ca/shopping/women/etro-patterned-jacquard-cotton-gown-item-22888739.aspx,female,adult,ETRO,in_stock,3950.00 USD,Women Home &gt; ETRO &gt; Clothing &gt; Evening Dresses,2271
105,22571689,1,1,Oscar de la Renta - Painted Poppies guipure-lace minidress,Painted Poppies guipure-lace minidress,https://cdn-images.farfetch-contents.com/22/57/16/89/22571689_52471898_480.jpg,https://www.farfetch.com/ca/shopping/women/oscar-de-la-renta-painted-poppies-guipure-lace-minidress-item-22571689.aspx,female,adult,Oscar de la Renta,in_stock,6299.00 USD,Women Home &gt; Oscar de la Renta &gt; Clothing &gt; Day Dresses,2271
106,23040117,1,1,Victoria Beckham - gathered midi dress,gathered midi dress,https://cdn-images.farfetch-contents.com/23/04/01/17/23040117_53213799_480.jpg,https://www.farfetch.com/ca/shopping/women/victoria-beckham-gathered-midi-dress-item-23040117.aspx,female,adult,Victoria Beckham,in_stock,1532.00 USD,Women Home &gt; Victoria Beckham &gt; Clothing &gt; Cocktail & Party Dresses,2271
107,23029557,1,1,Max Mara - one-shoulder silk dress,one-shoulder silk dress,https://cdn-images.farfetch-contents.com/23/02/95/57/23029557_53287670_480.jpg,https://www.farfetch.com/ca/shopping/women/max-mara-one-shoulder-silk-dress-item-23029557.aspx,female,adult,Max Mara,in_stock,1836.00 USD,Women Home &gt; Max Mara &gt; Clothing &gt; Evening Dresses,2271
108,22888757,1,1,ETRO - patterned-jacquard mermaid gown,patterned-jacquard mermaid gown,https://cdn-images.farfetch-contents.com/22/88/87/57/22888757_53115726_480.jpg,https://www.farfetch.com/ca/shopping/women/etro-patterned-jacquard-mermaid-gown-item-22888757.aspx,female,adult,ETRO,in_stock,4494.00 USD,Women Home &gt; ETRO &gt; Clothing &gt; Evening Dresses,2271
109,22370814,1,1,Giambattista Valli - Pensées Sauvages one-shoulder maxi dress,Pensées Sauvages one-shoulder maxi dress,https://cdn-images.farfetch-contents.com/22/37/08/14/22370814_52412382_480.jpg,https://www.farfetch.com/ca/shopping/women/giambattista-valli-pensees-sauvages-one-shoulder-maxi-dress-item-22370814.aspx,female,adult,Giambattista Valli,in_stock,3194.00 USD,Women Home &gt; Giambattista Valli &gt; Clothing &gt; Day Dresses,2271
110,22555423,1,1,Valentino Garavani - crystal-embellished silk gown,crystal-embellished silk gown,https://cdn-images.farfetch-contents.com/22/55/54/23/22555423_52669307_480.jpg,https://www.farfetch.com/ca/shopping/women/valentino-garavani-crystal-embellished-silk-gown-item-22555423.aspx,female,adult,Valentino Garavani,in_stock,16380.00 USD,Women Home &gt; Valentino Garavani &gt; Clothing &gt; Cocktail & Party Dresses,2271
111,22359453,1,1,Ana Radu - petal-layer velvet mini dress,petal-layer velvet mini dress,https://cdn-images.farfetch-contents.com/22/35/94/53/22359453_52268507_480.jpg,https://www.farfetch.com/ca/shopping/women/ana-radu-petal-layer-velvet-mini-dress-item-22359453.aspx,female,adult,Ana Radu,in_stock,2856.00 USD,Women Home &gt; Ana Radu &gt; Clothing &gt; Cocktail & Party Dresses,2271
112,22360197,1,1,Ana Radu - petal-layered velvet mini dress,petal-layered velvet mini dress,https://cdn-images.farfetch-contents.com/22/36/01/97/22360197_52277124_480.jpg,https://www.farfetch.com/ca/shopping/women/ana-radu-petal-layered-velvet-mini-dress-item-22360197.aspx,female,adult,Ana Radu,in_stock,2856.00 USD,Women Home &gt; Ana Radu &gt; Clothing &gt; Cocktail & Party Dresses,2271
113,20407636,1,1,Atu Body Couture - satin-finish pleated maxi gown,satin-finish pleated maxi gown,https://cdn-images.farfetch-contents.com/20/40/76/36/20407636_50598584_480.jpg,https://www.farfetch.com/ca/shopping/women/atu-body-couture-satin-finish-pleated-maxi-gown-item-20407636.aspx,female,adult,Atu Body Couture,in_stock,1570.00 USD,Women Home &gt; Atu Body Couture &gt; Clothing &gt; Evening Dresses,2271
114,22119177,1,1,Maje - striped cotton shirtdress,striped cotton shirtdress,https://cdn-images.farfetch-contents.com/22/11/91/77/22119177_52542307_480.jpg,https://www.farfetch.com/ca/shopping/women/maje-striped-cotton-shirtdress-item-22119177.aspx,female,adult,Maje,in_stock,475.00 USD,Women Home &gt; Maje &gt; Clothing &gt; Day Dresses,2271
115,19840509,1,1,Marine Serre - fine-ribbed organic cotton T-shirt dress,fine-ribbed organic cotton T-shirt dress,https://cdn-images.farfetch-contents.com/19/84/05/09/19840509_44601500_480.jpg,https://www.farfetch.com/ca/shopping/women/marine-serre-fine-ribbed-organic-cotton-t-shirt-dress-item-19840509.aspx,female,adult,Marine Serre,in_stock,335.00 USD,Women Home &gt; Marine Serre &gt; Clothing &gt; Day Dresses,2271
116,20997117,1,1,Prada - Re-Nylon triangle-logo minidress,Re-Nylon triangle-logo minidress,https://cdn-images.farfetch-contents.com/20/99/71/17/20997117_51062759_480.jpg,https://www.farfetch.com/ca/shopping/women/prada-re-nylon-triangle-logo-minidress-item-20997117.aspx,female,adult,Prada,in_stock,2650.00 USD,Women Home &gt; Prada &gt; Clothing &gt; Day Dresses,2271
117,23134964,1,1,Rick Owens - ruched bustier maxi dress,ruched bustier maxi dress,https://cdn-images.farfetch-contents.com/23/13/49/64/23134964_53295168_480.jpg,https://www.farfetch.com/ca/shopping/women/rick-owens-ruched-bustier-maxi-dress-item-23134964.aspx,female,adult,Rick Owens,in_stock,1765.00 USD,Women Home &gt; Rick Owens &gt; Clothing &gt; Evening Dresses,2271
118,22251926,1,1,Solace London - The Joni open-back dress,The Joni open-back dress,https://cdn-images.farfetch-contents.com/22/25/19/26/22251926_52131660_480.jpg,https://www.farfetch.com/ca/shopping/women/solace-london-the-joni-open-back-dress-item-22251926.aspx,female,adult,Solace London,in_stock,605.00 USD,Women Home &gt; Solace London &gt; Clothing &gt; Cocktail & Party Dresses,2271
119,21608475,1,1,PINKO - V-neck ruffled gown,V-neck ruffled gown,https://cdn-images.farfetch-contents.com/21/60/84/75/21608475_51917803_480.jpg,https://www.farfetch.com/ca/shopping/women/pinko-v-neck-ruffled-gown-item-21608475.aspx,female,adult,PINKO,in_stock,1130.00 USD,Women Home &gt; PINKO &gt; Clothing &gt; Cocktail & Party Dresses,2271